id;theme;foreground;background;disclaimer;policy;copyrights;terms_of_usage
1;Saint Helena Pound;challenge Agent;systems Keyboard Clothing;Sleek Clothing;Dynamic Fantastic matrix;cutting-edge;programming
2;Handmade copy;Turnpike quantifying Harbor;Networked transmitting;back-end Bike bandwidth;Ergonomic program platforms;out-of-the-box Extension calculate;e-commerce Louisiana
3;synthesizing Streets Engineer;Music feed;extranet;Movies Colombian Peso Unidad de Valor Real Pizza;Vision-oriented bypassing;Generic;Vatu Bedfordshire
4;sticky;Shoes;systems;Interactions SSL transmit;Handcrafted Fresh Ball invoice SMTP;Florida;deploy
5;Flats AI;Cotton web services;Sleek synergies Practical Soft Chair;Specialist Fresh card;Internal synthesize optical;Strategist;hard drive migration
6;Falkland Islands (Malvinas) invoice Courts;Bahamian Dollar;Ergonomic Concrete Bike Small Rubber Shoes;secured line;Incredible Focused;quantify Ergonomic Fresh Salad SCSI;matrices visionary Officer
7;Awesome Streamlined;4th generation interfaces zero tolerance;COM Norfolk Island Gorgeous Fresh Bike;Avon bandwidth;Lead Vatu;Refined Frozen Towels Beauty North Korean Won;support
8;Springs Rubber;Corporate initiatives;Web Pike;Pakistan Rupee Progressive Avon;Innovative;Cambridgeshire withdrawal Response;Shoal Analyst
9;withdrawal;Future;vertical;Checking Account Corporate;holistic;Highway Manors Savings Account;Investment Account holistic
10;Montana;Sports Movies;backing up;Gorgeous web-enabled redundant;tan empower;Response;bypassing mobile
